{"accuracy": [0.61314457654953, 0.8653958439826965, 0.9161675572395325, 0.9397681355476379, 0.955089271068573, 0.9655451774597168, 0.9713919758796692, 0.976854681968689, 0.9788178205490112, 0.9825592041015625], "loss": [1.3122649192810059, 0.42702680826187134, 0.25727981328964233, 0.1829049289226532, 0.13548120856285095, 0.1030411571264267, 0.08502413332462311, 0.06923097372055054, 0.0651170089840889, 0.056249044835567474], "val_accuracy": [0.8223878741264343, 0.8853858113288879, 0.8944912552833557, 0.9441725611686707, 0.9496358036994934, 0.9657978415489197, 0.9625540375709534, 0.9611313343048096, 0.9676189422607422, 0.9704643487930298], "val_loss": [0.5660611987113953, 0.35558417439460754, 0.3291187882423401, 0.17566920816898346, 0.15628160536289215, 0.11168457567691803, 0.1266220211982727, 0.1304803192615509, 0.10553120076656342, 0.0989668145775795]}